Forecasted,LowBound,UpBound,Shut_Off,Forecast_Rolling,UpBound_Rolling,LowBound_Rolling,SO_Rolling
402.73,402.73,402.73,402.73,401.22499999999997,401.22499999999997,401.22499999999997,401.22499999999997
404.25,404.25,404.25,404.25,401.53333333333336,401.53333333333336,401.53333333333336,401.53333333333336
405.06,405.06,405.06,405.06,401.80999999999995,401.80999999999995,401.80999999999995,401.80999999999995
407.6,407.6,407.6,407.6,402.1641666666667,402.1641666666667,402.1641666666667,402.1641666666667
407.9,407.9,407.9,407.9,402.47666666666663,402.47666666666663,402.47666666666663,402.47666666666663
406.99,406.99,406.99,406.99,402.8116666666667,402.8116666666667,402.8116666666667,402.8116666666667
404.59,404.59,404.59,404.59,403.0725,403.0725,403.0725,403.0725
402.45,402.45,402.45,402.45,403.35083333333336,403.35083333333336,403.35083333333336,403.35083333333336
401.23,401.23,401.23,401.23,403.635,403.635,403.635,403.635
401.79,401.79,401.79,401.79,403.91,403.91,403.91,403.91
403.72,403.72,403.72,403.72,404.1975,404.1975,404.1975,404.1975
404.64,404.64,404.64,404.64,404.41249999999997,404.41249999999997,404.41249999999997,404.41249999999997
406.36,406.36,406.36,406.36,404.715,404.715,404.715,404.715
406.66,406.66,406.66,406.66,404.9158333333333,404.9158333333333,404.9158333333333,404.9158333333333
407.54,407.54,407.54,407.54,405.1225,405.1225,405.1225,405.1225
409.22,409.22,409.22,409.22,405.2575,405.2575,405.2575,405.2575
409.89,409.89,409.89,409.89,405.42333333333335,405.42333333333335,405.42333333333335,405.42333333333335
409.08,409.08,409.08,409.08,405.5975,405.5975,405.5975,405.5975
407.33,407.33,407.33,407.33,405.8258333333333,405.8258333333333,405.8258333333333,405.8258333333333
405.32,405.32,405.32,405.32,406.06500000000005,406.06500000000005,406.06500000000005,406.06500000000005
403.57,403.57,403.57,403.57,406.26,406.26,406.26,406.26
403.82,403.82,403.82,403.82,406.4291666666666,406.4291666666666,406.4291666666666,406.4291666666666
405.31,405.31,405.31,405.31,406.56166666666667,406.56166666666667,406.56166666666667,406.56166666666667
407.0,407.0,407.0,407.0,406.7583333333334,406.7583333333334,406.7583333333334,406.7583333333334
408.15,408.15,408.15,408.15,406.90749999999997,406.90749999999997,406.90749999999997,406.90749999999997
408.52,408.52,408.52,408.52,407.0625,407.0625,407.0625,407.0625
409.59,409.59,409.59,409.59,407.23333333333335,407.23333333333335,407.23333333333335,407.23333333333335
410.45,410.45,410.45,410.45,407.3358333333333,407.3358333333333,407.3358333333333,407.3358333333333
411.44,411.44,411.44,411.44,407.465,407.465,407.465,407.465
410.99,410.99,410.99,410.99,407.62416666666667,407.62416666666667,407.62416666666667,407.62416666666667
408.9,408.9,408.9,408.9,407.75500000000005,407.75500000000005,407.75500000000005,407.75500000000005
407.16,407.16,407.16,407.16,407.9083333333333,407.9083333333333,407.9083333333333,407.9083333333333
405.71,405.71,405.71,405.71,408.08666666666664,408.08666666666664,408.08666666666664,408.08666666666664
406.19,406.19,406.19,406.19,408.28416666666664,408.28416666666664,408.28416666666664,408.28416666666664
408.21,408.21,408.21,408.21,408.5258333333333,408.5258333333333,408.5258333333333,408.5258333333333
409.27,409.27,409.27,409.27,408.715,408.715,408.715,408.715
411.03,411.03,411.03,411.03,408.955,408.955,408.955,408.955
411.96,411.96,411.96,411.96,409.2416666666666,409.2416666666666,409.2416666666666,409.2416666666666
412.18,412.18,412.18,412.18,409.4575,409.4575,409.4575,409.4575
413.54,413.54,413.54,413.54,409.715,409.715,409.715,409.715
414.86,414.86,414.86,414.86,410.0,410.0,410.0,410.0
414.16,414.16,414.16,414.16,410.26416666666665,410.26416666666665,410.26416666666665,410.26416666666665
411.97,411.97,411.97,411.97,410.52,410.52,410.52,410.52
410.18,410.18,410.18,410.18,410.7716666666667,410.7716666666667,410.7716666666667,410.7716666666667
408.76,408.76,408.76,408.76,411.0258333333333,411.0258333333333,411.0258333333333,411.0258333333333
408.75,408.75,408.75,408.75,411.23916666666673,411.23916666666673,411.23916666666673,411.23916666666673
410.48,410.48,410.48,410.48,411.42833333333334,411.42833333333334,411.42833333333334,411.42833333333334
411.98,411.98,411.98,411.98,411.6541666666667,411.6541666666667,411.6541666666667,411.6541666666667
413.61,413.61,413.61,413.61,411.8691666666667,411.8691666666667,411.8691666666667,411.8691666666667
414.34,414.34,414.34,414.34,412.06750000000005,412.06750000000005,412.06750000000005,412.06750000000005
414.74,414.74,414.74,414.74,412.2808333333333,412.2808333333333,412.2808333333333,412.2808333333333
416.45,416.45,416.45,416.45,412.5233333333333,412.5233333333333,412.5233333333333,412.5233333333333
417.31,417.31,417.31,417.31,412.7275,412.7275,412.7275,412.7275
416.6,416.6,416.6,416.6,412.93083333333334,412.93083333333334,412.93083333333334,412.93083333333334
414.62,414.62,414.62,414.62,413.15166666666664,413.15166666666664,413.15166666666664,413.15166666666664
412.78,412.78,412.78,412.78,413.36833333333334,413.36833333333334,413.36833333333334,413.36833333333334
411.52,411.52,411.52,411.52,413.5983333333333,413.5983333333333,413.5983333333333,413.5983333333333
411.51,411.51,411.51,411.51,413.8283333333334,413.8283333333334,413.8283333333334,413.8283333333334
413.12,413.12,413.12,413.12,414.04833333333335,414.04833333333335,414.04833333333335,414.04833333333335
414.26,414.26,414.26,414.26,414.2383333333334,414.2383333333334,414.2383333333334,414.2383333333334
415.52,415.52,415.52,415.52,414.3975,414.3975,414.3975,414.3975
416.75,416.75,416.75,416.75,414.5983333333333,414.5983333333333,414.5983333333333,414.5983333333333
417.64,417.64,417.64,417.64,414.84,414.84,414.84,414.84
419.05,419.05,419.05,420.0,415.0566666666667,415.0566666666667,415.0566666666667,415.1358333333333
419.13,419.13,419.13,420.0,415.2083333333333,415.2083333333333,415.2083333333333,415.35999999999996
418.94,418.94,418.94,420.0,415.40333333333336,415.40333333333336,415.40333333333336,415.6433333333334
416.96,416.96,416.96,420.0,415.59833333333336,415.59833333333336,415.59833333333336,416.0916666666667
414.47,414.47,414.47,420.0,415.7391666666667,415.7391666666667,415.7391666666667,416.6933333333333
413.3,413.3,413.3,420.0,415.88750000000005,415.88750000000005,415.88750000000005,417.40000000000003
413.93,413.93,413.93,420.0,416.08916666666664,416.08916666666664,416.08916666666664,418.1075
415.01,415.01,415.01,420.0,416.24666666666667,416.24666666666667,416.24666666666667,418.68083333333334
416.71,416.71,416.71,420.0,416.4508333333333,416.4508333333333,416.4508333333333,419.15916666666664
418.19,418.19,418.19,420.0,416.67333333333335,416.67333333333335,416.67333333333335,419.5325
419.28,419.28,419.28,420.0,416.8841666666667,416.8841666666667,416.8841666666667,419.80333333333334
418.81,418.81,418.81,420.0,416.9816666666666,416.9816666666666,416.9816666666666,420.0
420.23,420.23,420.23,420.0,417.08,417.08,417.08,420.0
420.99,420.99,420.99,420.0,417.23499999999996,417.23499999999996,417.23499999999996,420.0
420.99,420.99,420.99,420.0,417.4058333333333,417.4058333333333,417.4058333333333,420.0
418.9,418.9,418.9,420.0,417.56750000000005,417.56750000000005,417.56750000000005,420.0
417.19,417.19,417.19,420.0,417.7941666666666,417.7941666666666,417.7941666666666,420.0
415.95,415.95,415.95,420.0,418.01499999999993,418.01499999999993,418.01499999999993,420.0
415.78,415.78,415.78,420.0,418.1691666666666,418.1691666666666,418.1691666666666,420.0
417.51,417.51,417.51,420.0,418.3775,418.3775,418.3775,420.0
418.9654296354262,418.361010366477,419.56984890437536,420.0,418.56545246961883,418.61582074203125,418.51508419720636,420.0
420.301106927517,419.58821586998073,421.0139979850533,420.0,418.74137804691196,418.85115390745244,418.6316021863715,420.0
421.1553425069028,420.3693711712731,421.9413138425325,420.0,418.89765658915377,419.0729300609967,418.7223831173108,420.0
421.8204806700027,420.967668720738,422.67329261926744,420.0,419.14852997832077,419.3948711126024,418.9021888440391,420.0
423.2825927518129,422.36781108322424,424.19737442040156,420.0,419.40291270763845,419.7254856476358,419.0803397676411,420.0
423.99245640172813,423.019644610289,424.9652681931673,420.0,419.6531174077825,420.0567579970664,419.2494768184985,420.0
423.4297856800407,422.4022157009443,424.45735565913714,420.0,419.8564328811192,420.34570430199454,419.36716146024384,420.0
421.5843163837116,420.5047621505592,422.663870616864,420.0,420.0801259130951,420.6593601867332,419.50089163945705,420.0
419.5815100683913,418.45236232664337,420.71065781013925,420.0,420.2794184187944,420.95274833757816,419.6060885000107,420.0
418.2279939611216,417.051341122315,419.40464679992823,420.0,420.46925124888793,421.24063557090557,419.69786692687035,420.0
418.46069150609645,417.23837845967637,419.68300455251654,420.0,420.6926422077293,421.5658859502819,419.8193984651767,420.0
420.03861289635705,418.77228495153946,421.30494084117464,420.0,420.9033599490924,421.8821310203798,419.924588877805,420.0
421.4967308071992,420.16727598387484,422.8261856305235,420.0,421.1143017134068,422.15349241422547,420.07511101258814,420.0
422.8395729836775,421.4576589484369,424.2214870189181,420.0,421.3258405514202,422.42078316704755,420.2308979357929,420.0
423.69615798676676,422.26520698663995,425.1271089868936,420.0,421.5375751747422,422.68626609574426,420.38888425374006,420.0
424.3636455735702,422.8852832610664,425.842007886074,420.0,421.7495055833728,422.95032570131144,420.5486854654341,420.0
425.82810707908385,424.3038074073332,427.3524067508345,420.0,421.96163177731205,423.21324506218093,420.71001849244317,420.0
426.5403201527025,424.9714275969273,428.10921270847774,420.0,422.1739537565599,423.47524043845675,420.872667074663,420.0
425.97999885471864,424.36774632678305,427.59225138265424,420.0,422.3864715211164,423.7364817487499,421.03646129348294,420.0
424.1368789820931,422.48240245578563,425.79135550840056,420.0,422.59918507098155,423.99710548971126,421.20126465225184,420.0
422.1364220904763,420.4407726755411,423.8320715054115,420.0,422.81209440615527,424.2572232976506,421.36696551465997,420.0
420.7852554069101,419.04940941701415,422.52110139680605,420.0,423.02519952663766,424.5169278473904,421.53347120588484,420.0
421.0203023755884,419.24516979943934,422.7954349517375,420.0,423.2385004324287,424.7762970473255,421.7007038175318,420.0
422.6005731895525,420.78700487675775,424.41414150234726,420.0,423.4519971235282,425.03539710242325,421.8685971446334,420.0
424.06104052409813,422.19361948309205,425.9284615651042,420.0,423.66568959993646,425.2939200969716,422.0374591029013,420.0
425.40623212427994,423.492693843825,427.31977040473487,420.0,423.87957786165333,425.55211037912295,422.20704534418365,420.0
426.2651665510727,424.3078138676525,428.2225192344929,420.0,424.0936619086788,425.8100612330896,422.37726258426807,420.0
426.93500356157966,424.9347959972118,428.93521112594755,420.0,424.30794174101294,426.0678281697458,422.5480553122802,420.0
428.4018144907969,426.3596511589801,430.44397782261365,420.0,424.52241735865573,426.32545909239394,422.7193756249175,420.0
429.11637698811904,427.03310267898945,431.19965129724864,420.0,424.7370887616071,426.58299564145824,422.891181881756,420.0
428.5584051138387,426.43481555360313,430.6819946740743,420.0,424.95195594986717,426.8404742490766,423.0634376506577,420.0
426.7176346649166,424.55448108886054,428.88078824097266,420.0,425.16701892343576,427.0979269767909,423.2361108700806,420.0
424.7195271970033,422.51752034713513,426.92153404687144,420.0,425.38227768231303,427.3553821885792,423.40917317604675,420.0
423.37070993714065,421.13052357432866,425.6108962999526,420.0,425.59773222649886,427.6128650971748,423.582599355823,420.0
423.60810632952246,421.3303803334046,425.8858323256403,420.0,425.8133825559933,427.8703982116667,423.7563669003201,420.0
425.19072656719004,422.87606968405305,427.50538345032703,420.0,426.0292286707965,428.12800170733163,423.9304556342613,420.0
426.65354332543916,424.2884841737981,429.0186024770802,420.0,426.2452705709082,428.3855134499963,424.10502769182017,420.0
428.00108434932446,425.59208608052495,430.41008261812397,420.0,426.46150825632867,428.6430394677788,424.27997704487854,420.0
428.86236819982076,426.41128493373907,431.31345146590246,420.0,426.67794172705766,428.90061715372957,424.45526630038574,420.0
429.5345546340312,427.0420968729795,432.0270123950829,420.0,426.89457098309526,429.15826725949086,424.6308747066997,420.0
431.0037149869519,428.4705584177703,433.53687155613346,420.0,427.11139602444155,429.41600840395085,424.8067836449322,420.0
431.72062690797753,429.14741515661524,434.2938386593398,420.0,427.3284168510964,429.6738573507917,424.982976351401,420.0
431.16500445740076,428.5523515469073,433.7776573678942,420.0,427.54563346305986,429.93182924194343,425.15943768417634,420.0
429.32658343218213,426.67507598469666,431.9780908796676,420.0,427.76304586033194,430.18993779516796,425.33615392549603,420.0
427.33082538797237,424.6410246040049,430.02062617193985,420.0,427.9806540429128,430.44819547225705,425.5131126135686,420.0
425.98435755181316,423.25680099496725,428.7119141086591,420.0,428.19845801080214,430.7066136229826,425.6903023986217,420.0
426.22410336789846,423.4593065789546,428.9889001568423,420.0,428.41645776400014,430.96520260891606,425.8677129190842,420.0
427.80907302926954,425.0075309900498,430.61061506848927,420.0,428.6346533025068,431.22397191042955,426.04533469458397,420.0
429.27423921122215,426.42372830690766,432.12475011553664,420.0,428.85304462632206,431.4828175469676,426.2232717056765,420.0
430.62412965881094,427.7303691167167,433.5178902009052,420.0,429.0716317354459,431.7418015121994,426.4014619586924,420.0
431.48776293301074,428.55235978115354,434.42316608486794,420.0,429.2904146298784,432.00094439711324,426.5798848626436,420.0
432.1622987909247,429.1858355799145,435.1387620019349,420.0,429.50939330961955,432.2602568643509,426.75852975488823,420.0
433.63380856754884,430.61684406178136,436.6507730733163,420.0,429.7285677746693,432.5197486574494,426.93738689188916,420.0
434.35306991227804,431.2961406668383,437.4099991577178,420.0,429.94793802502767,432.7794286989809,427.1164473510744,420.0
433.7997968854047,430.7034186794698,436.8961750913396,420.0,430.1675040606947,433.0393051759347,427.2957029454546,420.0
431.9637252838896,428.828394427863,435.0990561399162,420.0,430.3872658816702,433.2993856142887,427.4751461490518,420.0
429.9703166633833,426.79651119371186,433.14412213305474,420.0,430.6072234879545,433.5596769443817,427.65477003152733,420.0
428.6261982509276,425.4143790247132,431.838017477142,420.0,430.82737687954744,433.8201855584219,427.8345682006729,420.0
428.8682934907164,425.61890519067526,432.1176817907575,420.0,431.04772605644894,434.08091736124817,428.01453475164953,420.0
430.455612575791,427.16908463478575,433.74214051679627,420.0,431.26827101865905,434.3418778152737,428.1946642220442,420.0
431.9231281814471,428.58812950555455,435.2581268573397,420.0,431.4890117661778,434.6029925437574,428.37503098859816,420.0
433.2753680527394,429.8971151096158,436.653620995863,420.0,431.70994829900513,434.8643034433371,428.5555931546731,420.0
434.1413507506427,430.72129096512083,437.56141053616454,420.0,431.9310806171411,435.1258238142785,428.73633742000374,420.0
434.81823603226013,431.3568743179323,438.27959774658797,420.0,432.1524087205857,435.38756012633297,428.9172573148385,420.0
436.29209523258777,432.7899186381989,439.7942718269766,420.0,432.37393260933896,435.6495183558047,429.0983468628733,420.0
437.01370600102047,433.47118474079406,440.5562272612469,420.0,432.59565228340085,435.91170403109874,429.27960053570297,420.0
436.4627823978506,432.88037079949584,440.0451939962054,420.0,432.81756774277136,436.1741222731709,429.4610132123718,420.0
434.629060220039,431.0071975996601,438.25092284041784,420.0,433.0396789874505,436.43677783154607,429.6425801433549,420.0
432.6380010232362,428.9771124942356,436.2988895522368,420.0,433.2619860174382,436.69967511647786,429.8242969183985,420.0
431.296232034484,427.596729256726,434.99573481224195,420.0,433.48448883273454,436.96281822773614,430.00615943773295,420.0
431.5406766979763,427.80295857276815,435.2783948231845,420.0,433.70718743333947,437.22621098043845,430.1881638862407,420.0
433.1303452067544,429.3547985225799,436.90589189092884,420.0,433.9300818192532,437.4898569282829,430.37030671022353,420.0
434.60021023611404,430.7761877469309,438.4242327252972,420.0,434.15317199047536,437.753699083946,430.5526448970049,420.0
435.9547995311098,432.0871473716528,439.8224516905668,420.0,434.37645794700626,438.0177683085046,430.73514758550795,420.0
436.8231316527166,432.91318370621576,440.73307959921743,420.0,434.5999396888458,438.282074063759,430.91780531393255,420.0
437.50236635803753,433.55057528908816,441.4541574269869,420.0,434.8236172159939,438.54662070379226,431.1006137281956,420.0
438.97857498206866,434.98537922416875,442.9717707399686,420.0,435.0474905284506,438.81141227987496,431.28356877702635,420.0
439.70253517420485,435.6683596612665,443.7367106871432,420.0,435.271559626216,439.0764525653663,431.4666666870657,420.0
439.1539609947385,435.0792178399528,443.2287041495242,420.0,435.49582450929,439.3417450781428,431.64990394043707,420.0
437.32258824063035,433.20767736847836,441.43749911278235,420.0,435.7202851776726,439.60729310083985,431.8332772545053,420.0
435.33387846753106,431.1791882030184,439.48856873204375,420.0,435.94494163136386,439.87309969915714,432.0167835635705,420.0
433.99445890248234,429.80036652124915,438.1885512837155,420.0,436.1697938703637,440.1391677384466,432.20042000228074,420.0
434.2412529896782,430.00812523226284,438.4743807470935,420.0,436.39484189467225,440.4054998987724,432.38418389057205,420.0
435.8332709221598,431.5614644753645,440.10507736895505,420.0,436.6200857042893,440.67209868860783,432.56807271997076,420.0
437.3054853752229,432.98490209821216,441.6260686522336,420.0,436.84552529921507,440.93891834918594,432.75213224924414,420.0
438.6624240939222,434.2976213651933,443.0272268226511,420.0,437.07116067944935,441.2059829435263,432.9363384153726,420.0
439.5331056392325,435.125331185317,443.94088009314794,420.0,437.2969918449924,441.4732996513538,433.120684038631,420.0
440.2146897682569,435.7643584995325,444.66502103698133,420.0,437.52301879584405,441.74087161885336,433.30516597283463,420.0
441.6932478159915,437.2007628503869,446.18573278159613,420.0,437.7492415320043,442.00870178898896,433.48978127501954,420.0
442.4195574318312,437.88531064421807,446.95380421944435,420.0,437.9756600534731,442.27679291668073,433.6745271902655,420.0
441.87333267606834,437.2977052113618,446.4489601407749,420.0,438.2022743602506,442.5451475826183,433.85940113788297,420.0
440.0443093456637,435.42767209972664,444.66094659160075,420.0,438.42908445233667,442.8137682058532,434.04440069882025,420.0
438.0579489962679,433.40066306717034,442.71523492536545,420.0,438.6560903297315,443.0826570552966,434.22952360416633,420.0
436.72087885492266,432.02329596686553,441.4184617429798,420.0,438.8832919924348,443.35181626023535,434.4147677246344,420.0
436.970022365822,432.23248526781805,441.70755946382593,420.0,439.1106894404468,443.621247819963,434.60013106093055,420.0
438.5643897220071,433.787232563219,443.3415468807952,420.0,439.3382826737674,443.8909536126164,434.7856117349184,420.0
440.03895359877373,435.2125342546976,444.8653729428499,420.0,439.56607169239663,444.16089563683437,434.9712477479589,420.0
441.3982417411765,436.5268832243487,446.2696002580043,420.0,439.79405649633446,444.43109342311385,435.1570195695552,420.0
442.27127271019026,437.35615430240773,447.1863911179728,420.0,440.0222370855809,444.70155267518254,435.3429214959794,420.0
442.9552062629182,437.9967141420271,447.9136983838093,420.0,440.25061346013604,444.97227578741825,435.528951132854,420.0
444.4361137343563,439.43462402994277,449.4376034387698,420.0,440.4791856199998,445.2432650088494,435.7151062311503,420.0
445.16477277389953,440.1206519968195,450.20889355097955,420.0,440.70795356517215,445.5145224531439,435.9013846772004,420.0
444.62089744184016,439.5345028873265,449.70729199635383,420.0,440.93691729565313,445.7860501077755,436.0877844835307,420.0
442.794223535139,437.66590366264643,447.92254340763157,420.0,441.1660768114428,446.05784984244474,436.2743037804408,420.0
440.8102126094467,435.6403074009329,445.9801178179605,420.0,441.39543211254096,446.32992341682774,436.4609408082543,420.0
439.47549189180495,434.2643331899965,444.6866505936134,420.0,441.62498319894786,446.6022724877139,436.6476939101819,420.0
439.72698482640783,434.4748966544661,444.9790729983496,420.0,441.8547300706634,446.8748986155908,436.83456152573586,420.0
441.3237016062964,436.0310004701783,446.61640274241455,420.0,442.0846727276874,447.1478032707257,437.0215421846492,420.0
442.80061490676655,437.4580470372032,448.1431827763299,420.0,442.3148111700202,447.4209540901824,437.20866824985796,420.0
444.1622524728728,438.77394494712246,449.55055999862316,420.0,442.54514539766154,447.6943674019007,437.39592339342244,420.0
445.0376328655901,439.6047087108282,450.47055702035203,420.0,442.77567541061154,447.9680478937656,437.5833029274575,420.0
445.72391584202154,440.24673849081825,451.20109319322484,420.0,443.00640120887016,448.2419974612169,437.77080495652336,420.0
447.2071727371632,441.68609688170955,452.72824859261686,420.0,443.2373227924374,448.5162178907041,437.95842769417067,420.0
447.9381812004099,442.3735531385523,453.5028092622674,420.0,443.4684401613133,448.7907108666448,438.1461694559817,420.0
447.396655292054,441.7888132532701,453.00449733083786,420.0,443.69975331549773,449.0654779778518,438.3340286531438,420.0
445.5723308090563,439.921605262979,451.2230563551336,420.0,443.9312622549908,449.340520723477,438.52200378650474,420.0
443.59066930706757,437.897383255741,449.28395535839417,420.0,444.1629669797926,449.61584051851315,438.71009344107205,420.0
442.2582980131294,436.52276726808327,447.9938287581755,420.0,444.39486748990294,449.8914386988933,438.8982962809127,420.0
442.5121403714357,436.73467381657724,448.28960692629414,420.0,444.62696378532195,450.16731652622207,439.08661104442194,420.0
444.1112065750278,438.29210641627066,449.9303067337849,420.0,444.8592558660495,450.4434751921695,439.27503653992954,420.0
445.5904692992014,439.720818962862,451.4601196355408,420.0,445.09174373208583,450.7198865971038,439.4636008670679,420.0
446.9544562890112,441.03821530442235,452.87069727360006,420.0,445.3244273834307,450.99656470335185,439.6522900635095,420.0
447.83218610543196,441.8704300459764,453.79394216488754,420.0,445.5573068200842,451.2735134653965,439.84110017477184,420.0
448.52081850556687,442.5138922348838,454.5277447762499,420.0,445.7903820420463,451.55073443064856,440.030029653444,420.0
450.006424824412,443.95466548266785,456.0581841661562,420.0,446.02365304931703,451.8282290617769,440.2190770368572,420.0
450.7397827113622,444.64352000054055,456.8360454221838,420.0,446.2571198418963,452.10599874176984,440.4082409420229,420.0
450.2006062267098,444.0601626801636,456.341049773256,420.0,446.49078241978435,452.38404477863804,440.59752006093066,420.0
448.3786311674157,442.1943224059382,454.5629399288932,420.0,446.72464078298094,452.6623684097847,440.7869131561772,420.0
446.39931908913036,440.17145406440045,452.62718411386027,420.0,446.9586949314862,452.9409708060735,440.9764190568989,420.0
445.06929721889566,438.7981784450866,451.3404159927047,420.0,447.19294486530003,453.21985307561755,441.16603665498246,420.0
445.32548900090546,439.0114127751867,451.6395652266242,420.0,447.42739058442254,453.4990162673118,441.3557649015333,420.0
446.92690462820104,440.57016124080894,453.28364801559314,420.0,447.66203208885366,453.77846137412917,441.5456028035781,420.0
448.40851677607816,442.0004869287603,454.816546623396,420.0,447.8968693785934,454.058163623117,441.7355751340696,420.0
449.77485318959145,443.3193505805197,456.2303557986632,420.0,448.1319024536417,454.3381351668723,441.92566974041114,420.0
450.6549324297157,444.1529917782677,457.1568730811637,420.0,448.3671313139987,454.6183794098954,442.115883218102,420.0
451.3459142535541,444.79786488623483,457.89396362087336,420.0,448.60255595966424,454.8988976469473,442.3062142723813,420.0
452.83386999610275,446.2400343294556,459.4277056627499,420.0,448.8381763906386,455.17969110499683,442.4966616762802,420.0
453.5695773067564,446.9302710869285,460.2088835265843,420.0,449.0739926069214,455.46076094703017,442.68722426681256,420.0
453.0327502458075,446.34828277542937,459.71721771618564,420.0,449.3100046085128,455.7421082756077,442.8779009414181,420.0
451.21312461021694,444.48379896462353,457.94245025581034,420.0,449.54621239541297,456.02373413618403,443.06869065464184,420.0
449.2361619556351,442.4622751890631,456.0100487222071,420.0,449.78261596762167,456.30563952021294,443.25959241503034,420.0
447.9084895091039,441.0903328514554,454.7266461667524,420.0,450.0192153251391,456.5878253680503,443.4506052822278,420.0
448.1670307148172,441.30488975953693,455.02917167009747,420.0,450.25601046796504,456.870292571673,443.641728364257,420.0
449.7707957658163,442.86495064939265,456.6766408822399,420.0,450.4930013960996,457.1530419772269,443.8329608149723,420.0
451.2547573373969,444.29685407924353,458.21266059555023,420.0,450.7301881095428,457.4360514749065,444.02432474417924,420.0
452.62344317461367,445.61716673235725,459.6297196168701,420.0,450.9675706082947,457.71933179309036,444.215809423499,420.0
453.5058718384414,446.45222118164423,460.5595224952386,420.0,451.2051488923551,458.00288591092993,444.4074118737804,420.0
454.19920308598336,447.09849427826083,461.2999118937059,420.0,451.44292296172426,458.28671493366596,444.5991309897826,420.0
455.68950825223556,448.5420511130845,462.8369653913866,420.0,451.68089281640204,458.5708199110524,444.79096572175166,420.0
456.4275649865927,449.23366329558144,463.62146667760396,420.0,451.9190584563883,458.85520184030406,444.98291507247274,420.0
455.89308734934735,448.65303903984915,463.13313565884556,420.0,452.1574198816834,459.13986166885906,445.1749780945077,420.0
454.0758111374602,446.78990848179694,461.3617137931235,420.0,452.395977092287,459.42480029696844,445.3671538876055,420.0
452.1011979065819,444.76972769306167,459.4326681201021,420.0,452.6347300881992,459.71001858012636,445.5594415962721,420.0
450.7758748837542,443.3991185860535,458.152631181455,420.0,452.87367886942,459.99551733135155,445.75184040748854,420.0
451.036765513171,443.61499945248164,458.4585315738604,420.0,453.11282343594957,460.2812973233318,445.94434954856723,420.0
452.6428799878736,445.1763754882075,460.10938448753967,420.0,453.3521637877877,460.56735929044015,446.1369682851352,420.0
454.1291909831577,446.6098332514593,461.6485487148561,420.0,453.5916999249344,460.8536833003823,446.3297165494865,420.0
455.50022624407796,447.9315852639724,463.0688672241835,420.0,453.8314318473897,461.14027893432507,446.5225847604545,420.0
456.38500433160925,448.7680473722158,464.0019612910027,420.0,454.0713595551537,461.42714883397207,446.7155702763354,420.0
457.0806850028547,449.41571661829335,464.74565338741604,420.0,454.31148304822636,461.71429395844797,446.90867213800476,420.0
458.5733395928103,450.8606586483269,466.2860205372938,420.0,454.5518023266075,462.00171522060685,447.1018894326083,420.0
459.31374575087096,451.5536455990385,467.07384590270345,420.0,454.79231739029746,462.28941348936513,447.29522129122967,420.0
458.78161753732917,450.9743861854642,466.58884888919414,420.0,455.0330282392959,462.5773895918942,447.4886668866977,420.0
456.9666907491455,449.11261101969177,464.8207704785993,420.0,455.27393487360297,462.8656443156838,447.6822254315222,420.0
454.99442694197074,447.0937766262253,462.8950772577162,420.0,455.51503729321877,463.15417841048503,447.87589617595245,420.0
453.6714533428465,445.7245053483796,461.61840133731346,420.0,455.7563354981432,463.4429925901399,448.06967840614635,420.0
453.9346933959668,445.9417158880643,461.9276709038693,420.0,455.99782948837606,463.7320875343073,448.26357144244497,420.0
455.54315729437286,447.50441383180936,463.58190075693636,420.0,456.23951926391777,464.0214638900904,448.45757463774504,420.0
457.03181771336045,448.9394109443171,465.1242244824038,420.0,456.48140482476794,464.31110353738603,448.6517061121499,420.0
458.4052023979842,450.2625986383611,466.54780615760734,420.0,456.72348617092683,464.6010151151713,448.84595722668223,420.0
459.292329909219,451.10046800953137,467.48419180890664,420.0,456.96576330239424,464.8912009916633,449.04032561312516,420.0
459.99036000416794,451.7495343926852,468.2311856156507,420.0,457.2082362191704,465.1816620106829,449.2348104276579,420.0
461.48536401782707,453.1958639041781,469.774864131476,420.0,457.45090492125513,465.4723989768647,449.4294108656455,420.0
462.22811959959125,453.89022912840477,470.56601007077774,420.0,457.69376940864845,465.7634126575376,449.6241261597593,420.0
461.6983408097529,453.3123392067946,470.0843424127112,420.0,457.93682968135045,466.05470378449735,449.81895557820354,420.0
459.88576344527274,451.451925157747,468.3196017327985,420.0,458.180085739361,466.34627305568057,450.01389842304144,420.0
457.91584906180145,449.4344438931132,466.3972542304897,420.0,458.42353758268024,466.63812113674504,450.20895402861555,420.0
456.5952248863807,448.06651812563626,465.1239316471252,420.0,458.6671852113081,466.93024866256275,450.40412176005356,420.0
456.8608143632045,448.28506690971193,465.43656181669706,420.0,458.9110286252446,467.2226562386317,450.5994010118575,420.0
458.4716276853141,449.849096168329,467.0941592022992,420.0,459.15506782448966,467.51534444241196,450.7947912065675,420.0
459.9626375280052,451.2856236664114,468.63965138959895,420.0,459.3993028090434,467.80829668467817,450.99030893340864,420.0
461.33837163633245,452.6102475173678,470.0664957552971,420.0,459.64373357890577,468.101520817819,451.18594633999254,420.0
462.2278485712707,453.4495273351637,471.0061698073778,420.0,459.8883601340768,468.3950189843583,451.3817012837953,420.0
462.92822808992315,454.09999515297864,471.75646102686767,420.0,460.13318247455635,468.688791935293,451.57757301381963,420.0
464.4255815272858,455.5477174906148,473.30344556395676,420.0,460.3782006003446,468.9828403879997,451.7735608126895,420.0
465.17068653275345,456.243467317439,474.0979057480679,420.0,460.62341451144147,469.27716502777395,451.96966399510893,420.0
464.6432571666186,455.66695414238063,473.61956019085653,420.0,460.8688242078469,469.5717665092861,452.1658819064078,420.0
462.8330292258419,453.80790933480404,471.8581491168798,420.0,461.11442968956106,469.8666454579595,452.36221392116255,420.0
460.8654642660741,451.7917901418689,469.93913839027937,420.0,461.36023095658373,470.1618024712753,452.55865944189213,420.0
459.5471895143569,450.4252195967933,468.6691594319205,420.0,461.606228008915,470.4572381200082,452.7552178978219,420.0
459.8151284148842,450.64511706038746,468.98513976938096,420.0,461.85242084655505,470.75295294939855,452.95188874371155,420.0
461.42829116069726,452.21048874871946,470.64609357267506,420.0,462.0988094695037,471.0489474802632,453.14867145874405,420.0
462.9216504270919,453.64854202901984,472.19475882516394,420.0,462.3453938777609,471.345206433227,453.3455813222948,420.0
464.29973395912265,454.97460542464904,473.62486249359625,420.0,462.5921740713267,471.6417369947519,453.5426111479015,420.0
465.1915603177644,455.81530134668736,474.56781928884146,420.0,462.83915005020117,471.9385411182072,453.73975898219516,420.0
465.89428926012033,456.4671771691447,475.321401351096,420.0,463.0863218143843,472.23561947855956,453.9370241502091,420.0
467.39399212118644,457.9162997618125,476.87168448056036,420.0,463.333689363876,472.53297272160984,454.13440600614217,420.0
468.1414465503576,458.6134424287144,477.66945067200083,420.0,463.58125269867634,472.83060146527095,454.3319039320818,420.0
467.61636660792624,458.0383149989002,477.1944182169523,420.0,463.8290118187854,473.12850630077884,454.52951733679174,420.0
465.8084880908531,456.1806491480642,475.43632703364193,420.0,464.0769667242029,473.4266877938424,454.72724565456343,420.0
463.84327255478877,454.16590241660566,473.5206426929719,420.0,464.32511741492914,473.72514648573343,454.92508834412484,420.0
462.527347226775,452.80069811855105,472.253996334999,420.0,464.573463890964,474.0238828943234,455.12304488760464,420.0
462.79763555100584,453.02195588370756,472.5733152183041,420.0,464.8220061523075,474.3228975150669,455.32111478954806,420.0
464.41314772052243,454.58868218591215,474.2376132551327,420.0,465.0707441989595,474.6221908219384,455.5192975759808,420.0
465.9088564106205,456.02825983504766,475.78945298619334,420.0,465.3196780309202,474.9217486686909,455.71760739314976,420.0
467.2892893663548,457.35576820914764,477.222810523562,420.0,465.56880764818965,475.22157767118796,455.91603762519134,420.0
468.18346514870007,458.19788759714856,478.16904270025157,420.0,465.8181330507676,475.5216796221389,456.1145864793964,420.0
468.8885435147595,458.85117954463664,478.9259074848823,420.0,466.06765423865426,475.82205513328773,456.31325334402067,420.0
470.3905957995291,460.301711227913,480.47948037114514,420.0,466.31737121184943,476.12270479083645,456.51203763286236,420.0
471.14039965240374,461.00025624463757,481.2805430601699,420.0,466.56728397035323,476.42362915651717,456.7109387841894,420.0
470.61766913367586,460.4265247052647,480.80881356208704,420.0,466.8173925141657,476.72482876861176,456.90995625971976,420.0
468.8121400403062,458.57024855526265,479.0540315253497,420.0,467.0676968432868,477.02630414292076,457.10908954365294,420.0
466.8492739279454,456.5568855937404,477.14166226215036,420.0,467.3181969577165,477.32805577368555,457.30833814174747,420.0
465.5356980236351,455.1930593829037,475.87833666436654,420.0,467.56889285745495,477.6300841344662,457.50770158044355,420.0
465.80833577156943,455.41568979071246,476.2009817524264,420.0,467.8197845425018,477.93238967897645,457.70717940602725,420.0
467.4261973647895,456.98378351960537,477.86861120997366,420.0,468.0708720128575,478.2349728418798,457.906771183835,420.0
468.92425547859114,458.42488647450233,479.42362448267994,420.0,468.3221552685217,478.5378204665871,458.10649007045623,420.0
470.3070378580289,459.7538466926047,480.86022902345303,420.0,468.57363430949454,478.84093867491134,458.3063299440776,420.0
471.2035630640776,460.5973980686811,481.80972805947414,420.0,468.82530913577597,479.1443291215132,458.50628915003875,420.0
471.91099085384053,461.25211530259656,482.5698664050845,420.0,469.077179747366,479.4479923648633,458.70636712986874,420.0
473.4153925623136,462.7040658413029,484.12671928332435,420.0,469.32924614426474,479.7519289408783,458.9065633476512,420.0
474.16754583889184,463.4040235421913,484.9310681355924,420.0,469.58150832647215,480.05613936383014,459.106877289114,420.0
473.64716474386745,462.83169876505264,484.46263072268226,420.0,469.8339662939881,480.36062412721316,459.30730846076295,420.0
471.84398507420127,460.976823694787,482.7111464536155,420.0,470.08662004681264,480.66538370456857,459.5078563890567,420.0
469.88346838554395,458.964856360494,480.8020804105939,420.0,470.33946958494585,480.9704185502722,459.70852061961955,420.0
468.5722419049372,457.6024205453664,479.542063264508,420.0,470.5925149083876,481.275729100284,459.9093007164914,420.0
468.84722907657505,457.82643632976107,479.86802182338903,420.0,470.8457560171382,481.5813157728642,460.1101962614121,420.0
470.4674400934986,459.39591062031565,481.5389695666816,420.0,471.09919291119724,481.8871789692566,460.31120685313795,420.0
471.96784763100374,460.8385415566773,483.0971537053302,420.0,471.3528255905649,482.19330640447737,460.5123447766525,420.0
473.35297943414497,462.16896147485977,484.53699739343017,420.0,471.6066540552413,482.4997037686421,460.7136043418405,420.0
474.25185406389727,463.01395413301475,485.4897539947798,420.0,471.86067830522626,482.80637259658425,460.91498401386826,420.0
474.96163127736367,463.6701064923922,486.2531560623351,420.0,472.1148983405199,483.11331340135524,461.1164832796846,420.0
476.4683824095403,465.123486240658,487.8132785784226,420.0,472.3693141611221,483.42052667594675,461.3181016462975,420.0
477.22288510982196,465.8248674665729,488.620902753071,420.0,472.6239257670329,483.72801289406993,461.51983863999595,420.0
476.70485343850106,465.25396075238655,488.1557461246156,420.0,472.8787331582524,484.0357725108977,461.7216938056072,420.0
474.9040231925384,463.4004984969502,486.40754788812654,420.0,473.1337363347805,484.3438059637736,461.92366670578735,420.0
472.9458559275846,461.3899389351905,484.5017729199787,420.0,473.38893529661726,484.652113672889,462.1257569203454,420.0
471.6369788706814,460.02890604836506,483.2450516929977,420.0,473.6443300437625,484.96069604192985,462.3279640455953,420.0
471.9143154660227,460.25432010747755,483.5743108245678,420.0,473.8999205762165,485.2695534586948,462.53028769373833,420.0
473.53687590664975,461.8251882027196,485.24856361057994,420.0,474.1557068939792,485.5786862956863,462.73272749227203,420.0
